{"Train Loss": 73734.6484375, "Valid Loss": 1963.248779296875, "_timestamp": 1694742821.6635745, "_runtime": 25844.75194954872, "_step": 94, "True vs Pred": {"_type": "image-file", "sha256": "e7933d88b81fad6f0ce8561ad754662d1dacf21be072e4153cb0e88d57dbc88a", "size": 285326, "path": "media/images/True vs Pred_94_e7933d88b81fad6f0ce8.png", "format": "png", "width": 1000, "height": 2500}, "_wandb": {"runtime": 25843}}