{"Train Loss": 10713941.0, "Valid Loss": 99517.4375, "_timestamp": 1694714680.3007529, "_runtime": 192.59355878829956, "_step": 10, "True vs Pred": {"_type": "image-file", "sha256": "b8865edc432ae181c31f72cfd8589e49979e1da1fe3c08e59465d761b33ba60b", "size": 275634, "path": "media/images/True vs Pred_10_b8865edc432ae181c31f.png", "format": "png", "width": 1000, "height": 2500}, "_wandb": {"runtime": 191}}